{
   "binned_GCs" : [
      45.7043311712235,
      42.1760465650609,
      42.4018071420334,
      45.9305303158396,
      42.1640520572348,
      43.047835535087,
      43.4411273471786,
      42.4225770571134,
      42.6350985737014,
      43.8019855227925,
      42.6714419685483,
      44.1249338245916,
      42.4965753139602,
      42.5011612691072,
      43.9218571860155,
      42.1953951206641,
      45.4268416114736,
      43.5041670935557,
      43.998690111929,
      43.5687362374177,
      42.264873753454,
      44.8858121022191,
      45.6422478421491,
      43.8312667770746,
      43.6165546921508,
      42.9275405015426,
      44.460202998958,
      43.9917412887194,
      45.8778742195828,
      44.2509236244972,
      46.1551129609635,
      44.9669040716108,
      46.1772917903476,
      45.6919958039005,
      46.9230027605285,
      46.5160626721195
   ],
   "binned_contig_lengths" : [
      15518537,
      12520866,
      9819085,
      9149039,
      8043137,
      7255719,
      7072693,
      6674923,
      6301339,
      5918998,
      5588366,
      5365266,
      4990640,
      4689481,
      4586567,
      4419398,
      4157286,
      3887557,
      3567384,
      3426111,
      3212130,
      3129234,
      2801815,
      2642442,
      2439848,
      2243310,
      2129878,
      1958046,
      1828231,
      1665956,
      1484113,
      1319185,
      1011893,
      839421,
      569992,
      6
   ],
   "binned_Ns" : [
      2.9728806897017,
      4.24639411442032,
      0.541594187168709,
      0.948971500034712,
      1.1075512636611,
      0.66438056796548,
      0.751377477136568,
      0.677533946805671,
      6.12113976393929,
      0.976662823908799,
      0.743332130638123,
      0.510195041962329,
      0.14808795906534,
      3.13509200618361,
      1.70488401813625,
      1.39354436234176,
      0.977613246465494,
      0.743813208722376,
      0.611100192333454,
      0.688518563062786,
      0.610181059408254,
      0.712967498873084,
      4.14622427038935,
      1.73805298312413,
      1.12065770805405,
      0.682018142119462,
      1.17126868699906,
      1.06709181453462,
      1.43428737375367,
      1.31363846590848,
      0.66722596882966,
      0.851781993403755,
      3.3380052664361,
      1.30130057308916,
      5.091411680615,
      6.59110220660348
   ],
   "scaffold_count" : 34,
   "contigs" : [
      18979651
   ],
   "binned_contig_counts" : [
      3,
      7,
      12,
      17,
      23,
      30,
      37,
      44,
      52,
      60,
      69,
      78,
      88,
      98,
      109,
      120,
      132,
      144,
      158,
      172,
      188,
      203,
      220,
      239,
      259,
      280,
      303,
      328,
      354,
      383,
      415,
      451,
      495,
      549,
      621,
      5478
   ],
   "binned_scaffold_counts" : [
      1,
      1,
      1,
      2,
      2,
      3,
      3,
      3,
      4,
      5,
      5,
      6,
      6,
      7,
      7,
      8,
      9,
      9,
      10,
      11,
      11,
      12,
      13,
      14,
      15,
      16,
      17,
      18,
      19,
      20,
      21,
      22,
      24,
      25,
      27,
      34
   ],
   "GC" : 44.05,
   "ATGC" : 1809416304,
   "assembly" : 1840865384,
   "scaffolds" : [
      183495284
   ],
   "N" : 31449080,
   "binned_scaffold_lengths" : [
      183495284,
      183495284,
      183495284,
      114305092,
      114305092,
      111921039,
      111921039,
      111921039,
      95857361,
      95234779,
      95234779,
      84144671,
      84144671,
      83003417,
      83003417,
      81055479,
      79728369,
      79728369,
      79483543,
      67994060,
      67994060,
      64154864,
      61760855,
      61644842,
      59086395,
      55435283,
      48536579,
      48195565,
      47766835,
      47728083,
      38705783,
      37176225,
      31072703,
      30889044,
      23008474,
      488577
   ],
   "contig_count" : 5478
}
